name,id
juliebiro,8618432
antiochus33,3637155
NaAaS,9541670
Rudak2.1,9543015
Claaaa,9541668
irios FR,9307040
Arnwalder,8612563
Orbisa,9529479
lamperrouge,9530017
Gabylll,
overpol81,9530244
Albert91000,9529481
Yoann Crsnr,8334433
Skeelu,6847367
Virklix,9035088
Eporedax,2462340
AlexCarter,9389609
Theondrus,6428270
banana95,9474611
Mordgrim,9517618
Hugz,9530465
miltiados,1749124
Lepus Articus,9537392
Margougou,9530868
Lhinstit,9543654
ShivaGanesha,2195175
Teddy.,9476649
LaMasse,9488939
Milanais,1754843
Exelles,9515666
Tzeench,5294976
Plows,8309441
Leonardo Grimaldi,9538406
Valladaroy,9543789
Francis Garnier,9537298
Axirat,9544969
